{"MusicSlider":0.8888888359069824,"SfxSlider":0.7376237511634827}