{"MusicSlider":0.8888888359069824,"SfxSlider":0.8937908411026001}