{"MusicSlider":0.45098039507865906,"SfxSlider":0.6977124214172363}